Job Type,Company,Job Title,Salary,Job Posting URL,Application Status,Application Date
AI Product,CVC,AI Product Manager,"150k base, 220-240k total",,Rejected,29-Jul
AI Product,BNY,"Director, Applied AI Product Manager","125-150k base, 175-200k total",https://www.linkedin.com/jobs/view/4454850157/,Applied,20-Aug
AI Transformation,Wordpay,Enterprise AI and Automation Senior Director,,https://www.linkedin.com/jobs/view/senior-director-enterprise-ai-automation-at-worldpay-4458590038/,Rejected,01-Sep
AI Transformation,Skan AI,"Sr. Director, AI Transformation & Enterprise Value",,https://www.linkedin.com/jobs/view/4461920004/,Applied,10-Sep
AI Transformation,HireWise,Head of AI & Automation Engineering,85-100k base + bonus + equity,https://www.linkedin.com/jobs/view/4462959448/,Applied,10-Sep
AI Transformation,Humanoid,VP of AI Transformation,,https://www.linkedin.com/jobs/view/4437066909/,Applied,10-Sep
AI Transformation,Bolt,"Strategy and AI Lead, CEO Office",,https://www.linkedin.com/jobs/view/4465150149/,Rejected,15-Sep
AI Transformation,BlueCrest,AI Integration Lead,220-240k total,https://www.linkedin.com/jobs/view/4465414571/,Rejected,15-Sep
AI Product,BCG,Global Product Director - AI Innovation,,https://www.linkedin.com/jobs/view/4463554772/,Applied,15-Sep
AI Product,UST,Director - AI & Innovation,160k,https://www.linkedin.com/jobs/view/4426339687/,Applied,15-Sep
