achievement_id,master wording
c6e50919-6d05-4af2-8351-f81f5224fa0f,Managed 6. PMs (incl. 2 VPs) to date; fully accountable for 14 strategic initiatives across CIB Markets
0553514d-b5e1-405f-af51-10e806b11aaf,"Spearheaded a high-profile F2B trade infrastructure and Op model uplift, engaging with EMEA CFO"
7d6ba197-ae0b-49bd-8a29-403e5f0870c4,"Directed the deployment of 3 Al-enabled trade workflow platforms, delivering value to 500+ users"
ce5cbe31-41ac-40d9-9b0a-6baa61e71e89,"Partnered with ML team to launch agentic-Al on exception resolution, reducing settlement fines by $4M"
20e6234f-4bd8-4e5b-aaf5-4f9fa00432e5,"Revamped the regulatory reporting technology stack, embedding Al co-pilots into daily processes"
2f8c0081-9874-4c90-8e25-44c0c2d79689,Established a centralised governance framework for promoting adherence with 5 global regulations
6872be15-d601-458f-aa1d-3501a5f79178,"Drove the refactoring of 2k+ automation solutions using metrics, increasing weekly turnover by 28%"
9d3e0118-49f4-4ab5-a7d2-309371706e13,"Chaired a strategic investments forum covering 8 tech streams, justifying ROI trade-offs to stakeholders"
e333df95-9899-49c1-8682-4afdf406e540,"Led workshops to identify Ops pain points, co-create solutions, and shape a full transformation roadmap"
ac7502a9-5c61-4ea3-a8c6-4c61b232c10d,"Remediated trade control gaps via RCA, process redesign and automation, saving 12+ hours weekly"
3993eb41-2cbb-4b00-b213-f97ed82e5857,"Modernised payment platforms to meet ISO 20022 standards, enhancing resilience with 18 control features"
08f52bdf-2c4e-411e-9cb7-1579d31cff56,"Led the expansion of a Settlements management product, scaling from data viewer to full workflow tool"
93bfedbf-5346-4730-ad8c-4277c321aa4d,"Implemented a predictive ML data suite, preventing 18% of settlement failures through early alerting"
83a35c17-1648-4aa3-8c03-ee4530e5422e,"Set the vision and advocated new trade exception logic, reducing false breaks and reassignments by 62%"
bd629c5d-5869-452d-b8ce-de2dfe8bbb67,"Oversaw the delivery of a one-stop-shop corporate actions platform, consolidating 37 systems and 6 FTEs"
b6f3c1a5-e7cb-4491-9a4a-92659792553d,"Automated workflows for trade allocations, expiries and dividends processing, resulting in 99.5% STP"
088ced63-dc7f-4b9b-b4ae-8b6111af2e7c,"Drove change roadmap by strategically assessing opportunities, value-add and dependencies"
802d5c5b-b8b9-4b62-9d1b-0434150ca408,"Led a data curation initiative for 8 Ops functions, enabling real-time insight and faster decisions"
3a2a1e94-09f9-4776-8817-34debe480bef,Revitalised a stalled program by establishing stakeholder harmonisation and robust govemance
133e7b57-ee50-4e27-86de-8259a05fb4e7,Directed the rebuild of a low-latency trade matching engine to improve stability and client outcomes
b6a14ea4-1fbc-4d6e-a98f-8a67d4f4ce86,"Championed the adoption of Scrum, DevOps, and ML. analytics, enhancing QA outcomes by 35%"
78ee020b-0718-4130-aa57-54211c444ed6,"Accountable for key project decisions and issue resolution, regularly engaging senior stakeholders"
aafee401-66a7-4b12-ae7e-3f64f223b9a0,"Built a reporting tool to centralise project data access, enhancing productivity across 4 workstreams"
45165608-c753-437a-8cc3-f5188599d398,"Oversaw the Agile delivery of a trade reconciliation control framework, strengthening data integrity"
ee2a9f41-4ff2-4ec1-a463-fad0189a51b1,"Undertook BA activities across SDLC, from scoping, planning, analysis, design, UAT to deployment"
f44b2054-108b-45d0-b122-446df3591b22,Elicited business requirements and conceptualised technical functionalities using process and data models
4396f2db-d823-478b-a3a4-85da5c400956,"Performed XML data lineage of 450+ attributes, rectified data gaps and validated transformation logic"
b841fb75-a3fc-43b5-9bff-f8404b54ec2c,Selected for this hybrid Strategy / Trade Execution role in the Front Office due to success in Operations
7e41a039-27b9-435b-aa21-f6289e41adc7,"Executed trades for clients including hedge funds, pension funds, asset managers and insurance firms"
a8b6f377-8ba6-413e-9b73-d26852700992,"Formulated trading strategies involving bonds, swaps, options, FRAs, futures and inflation products"
f127914e-09a9-4196-8cc6-2dedecb9a308,Fostered business revenues worth $1M by reactivating relationships with dormant high-value clients
be7893d2-5039-4968-b413-8c98f60656f0,Created a client intelligence dashboard to inform sales strategies and customise trade recommendations
978d7a81-6203-4428-a453-8cc03ea2f7c6,Utilised trade processing knowledge to optimise cross-divisional interactions and E2E controls robustness
4891cc85-3d00-489e-a22b-af02e809c2e0,"Defined requirements for an award-winning RFQ/trade capture platform, improving sales touchpoints"
8f76e5b0-3833-426a-83e7-31f5f943223a,"Conducted metrics-driven root cause analysis, reducing trade confirmation delays by 30%"
f2860edb-2d76-4890-bbb8-2ecb453f504c,"Supervised 20 offshore staff, tracking performance against KPIs to maintain service standards"
fabf8f44-5125-4b93-b93c-23269a4a8adf,"Represented UBS in industry working group, condensed 200+ pages of specifications into cheat sheets"
350f7520-4def-4ccd-b624-90287ab8782d,"Streamlined and digitised the client onboarding process, shortening turnaround time by 2 weeks"
296e1d71-dde4-4dda-91ef-5a7ffac0de35,"Built tools to validate trade data entries, facilitate troubleshooting and anomaly detection"
caeaa223-d63f-4096-8895-41a64d5d4a30,"Automated the scraping, calculation and distribution of market data feeds, saving $50k yearly"
